Name,Assigned School,Nationality
Byrann Dooney,Beirut Arab University,INT
Guillermo Calbrathe,Kohat University of Science and Technology  (KUST),CA
Cesar Axcell,Camosun College,INT
Lucienne Dodsley,University Notre Dame d'Hatu,CA
Ophelie Nicholes,Emmanuel College Georgia,INT
Reuven Gunner,New Mexico State University,CA
Shani Lissemore,Bashkir State Agrarian University,INT
Inger Cammish,The Global College Lahore,INT
Elston Canedo,American University of Tirana,CA
Virginia Hiseman,Ateneo de Manila University,INT
Dredi Benech,Mount Union College,INT
Dotti MacGuiness,Universidad Motolinía del Pedregal,CA
Lorinda McCarlie,Institute of Social Studies,INT
Gabriel Quarrie,University du Havre,INT
Sven Dudson,Philadelphia University,CA
Dido Oehme,William Tyndale College,INT
Blanch Hort,British Columbia Open University,CA
Rawley McKeachie,Stetson University,CA
Kenton Franz-Schoninger,William Tyndale College,INT
Velvet Kee,British Columbia Open University,CA
Dur Auld,Universidad Motolinía del Pedregal,CA
Blisse Chevin,Emmanuel College Georgia,INT
Carey Cochrane,Universidad del Pacfico,CA
Mal Marcu,Antioch New England Graduate School,INT
Codi Pagon,College of Management,INT
Fredek Rubinshtein,University of Madras,CA
Rebecca Archdeckne,University of Madras,INT
Tuck Devereu,Institute of Social Studies,INT
Hayyim Ryde,Hiroshima University of Economics,CA
Andris Jewel,Philadelphia University,CA
Bethanne Marston,Antioch New England Graduate School,CA
Andriana Rouff,Universidade de Brasília,CA
Simonette Nono,University of Pittsburgh at Johnstown,CA
Meagan Epilet,William Tyndale College,CA
Margret Oby,University Notre Dame d'Hatu,INT
Harriet Weond,Antioch New England Graduate School,INT
Jorry Silbert,Horizon College of Business and Technology,CA
Beverlie Skudder,Ateneo de Manila University,CA
Garland Loftin,Middle East Technical University,CA
Leodora Kindleside,Nanjing University of Science and Technology,INT
Devina Charter,Camosun College,INT
Sylvia Lief,British Columbia Open University,CA
Andeee Maylour,Middle East Technical University,CA
Meredith Barkus,American University of Tirana,CA
Ansel Copner,Antioch New England Graduate School,INT
Zarah Dassindale,Horizon College of Business and Technology,CA
Maje Elkin,Friedrich-Schiller Universität Jena,INT
Kora Crop,Universidad Motolinía del Pedregal,INT
Iggy Haucke,Chulalongkorn University,INT
Heriberto Anespie,New Mexico State University,INT
Beulah Realph,Emmanuel College Georgia,CA
Livy Stovin,Blue Nile University,CA
Gwenette McAvin,Mount Union College,CA
Vitia Bawdon,Universidad Motolinía del Pedregal,INT
Amelita Barney,Universidad de Occidente,CA
Prinz Ciciura,The Global College Lahore,CA
Francklin Grombridge,University of Madras,CA
Julie Baddoe,Friedrich-Schiller Universität Jena,INT
Rina Carlin,Universidad Motolinía del Pedregal,INT
Keefer Abdon,University Notre Dame d'Hatu,CA
Cirilo Berford,Yazd Medical University,CA
Rurik Howbrook,Bartlesville Wesleyan College,INT
Barbe Hartopp,Philadelphia University,CA
Valeria Botger,Mount Union College,CA
Weber Hatchette,Hue University of Agriculture and Forestry ,CA
Caprice Fakeley,Universidade de Brasília,CA
Cindra Abramzon,Bartlesville Wesleyan College,INT
Olin Gidney,Ontario College of Art and Design,INT
Kimberly Bard,Beirut Arab University,CA
Ruthanne Oxborrow,Boston University,CA
Robby Meharry,Bashkir State Agrarian University,INT
Donalt McGinney,University of Madras,CA
Bel McClure,University of Palestine,CA
Sara Banane,Boston University,CA
Wildon Rickersy,Bashkir State Agrarian University,CA
Kathy Morcomb,Universidad Monsenor Oscar Arnulfo Romeo,CA
Anders Goodnow,Universidad de Occidente,INT
Bamby Le Fevre,North-West State Technical University,CA
Mirna Mulvagh,University of SV Cyril and Methodius in Trnava,CA
Dorothy Abella,University of Pittsburgh at Johnstown,INT
Tanhya Gounard,University du Havre,CA
Addison Whitman,Horizon College of Business and Technology,INT
Latrena Dicks,Universidad Motolinía del Pedregal,CA
Jonell Cavozzi,Nanjing University of Science and Technology,INT
Rena Rillatt,North-West State Technical University,INT
Kit Cluer,Middle East Technical University,CA
Kinna Kiddey,Stetson University,INT
Selby Alliker,Boston University,INT
Brandea Henzer,Friedrich-Schiller Universität Jena,CA
Colby Rown,Beirut Arab University,CA
Sherline Bartolomucci,Boston University,CA
Annamaria Phoebe,Boston University,CA
Kissie Bartoszewski,Bartlesville Wesleyan College,INT
Kerwinn Denziloe,Universidad Santo Tomas,INT
Adriaens Medling,American University of Tirana,CA
Jedediah Gibbe,University Notre Dame d'Hatu,INT
Whittaker Oldred,University of Pittsburgh at Johnstown,INT
Erica Bendon,Stetson University,CA
Rosette Sawell,University Notre Dame d'Hatu,INT
Zacharias Trevorrow,Bashkir State Agrarian University,INT
Jefferson Meth,Universidad Monsenor Oscar Arnulfo Romeo,CA
Lorrayne Sket,St. Lawrence University,INT
Rudyard Rymell,Ateneo de Manila University,CA
Bryan Stoffers,Universidad Santo Tomas,CA
Patrick Makey,American University of Tirana,CA
Nanny Whyteman,Institute of Social Studies,CA
Gae Stebbin,New Mexico State University,INT
Jena Gadaud,Ateneo de Manila University,CA
Zedekiah Cozzi,Middle East Technical University,INT
Shannan Minors,University du Havre,INT
Karee Dugan,Ontario College of Art and Design,CA
Ayn Saltman,British Columbia Open University,CA
Sayers Shambroke,The Global College Lahore,INT
Anni Arangy,University du Havre,CA
Moyra Decourt,Philadelphia University,CA
Nicolea Anstis,Kohat University of Science and Technology  (KUST),CA
Jemie Smaleman,Chulalongkorn University,CA
Annette Scantleberry,University of Pittsburgh at Johnstown,INT
Karlen Wye,North-West State Technical University,INT
Neala Hebron,University of Palestine,CA
Terra Yitzovitz,University of SV Cyril and Methodius in Trnava,CA
Gauthier Monro,Blue Nile University,CA
Calv Wehnerr,North-West State Technical University,CA
Schuyler Kleinsmuntz,St. Lawrence University,INT
Doe Alwen,Ateneo de Manila University,INT
Reinold Hare,Emmanuel College Georgia,CA
Chic Tomaskunas,Blue Nile University,CA
Dwayne Titlow,British Columbia Open University,INT
Vonni Insole,Middle East Technical University,INT
Witty Harbin,University Canada West,INT
Skipp Whewell,University Notre Dame d'Hatu,INT
Georgia Quinby,Friedrich-Schiller Universität Jena,INT
Enid Giroldi,Nanjing University of Science and Technology,CA
Nadine Fernez,Hue University of Agriculture and Forestry ,CA
Margaretha Dreger,Bashkir State Agrarian University,CA
Sinclair Yuranovev,Universidad Monsenor Oscar Arnulfo Romeo,INT
Ase Lyptrade,St. Lawrence University,CA
Morie Buckhurst,Universidad Santo Tomas,INT
Lief Lemmertz,Yazd Medical University,CA
Karia Hullock,St. Lawrence University,CA
Corbin Boas,Ateneo de Manila University,CA
Kearney Casford,Friedrich-Schiller Universität Jena,CA
Caty Guirard,Institute of Social Studies,INT
Christi Pearsey,University du Havre,CA
Aurea Aldus,Nanjing University of Science and Technology,INT
Virgilio Cowderay,North-West State Technical University,CA
Adlai Martinie,Camosun College,INT
Merrilee Towell,Bartlesville Wesleyan College,INT
Shaylyn Hanne,Middle East Technical University,INT
Sidnee Kurdani,Middle East Technical University,CA
Patrizio Hows,University of Palestine,INT
Sol Ryal,University Canada West,CA
Carree Ovett,Friedrich-Schiller Universität Jena,CA
Leese Bartlet,Emmanuel College Georgia,INT
Elizabet Pettiford,The Global College Lahore,CA
Pavla Van Cassel,University Canada West,CA
Liam Runcie,Antioch New England Graduate School,CA
Sheree Stoneham,Horizon College of Business and Technology,INT
Sebastiano Bolino,St. Lawrence University,CA
Major Franseco,Bartlesville Wesleyan College,CA
Tedd Thomsson,Blue Nile University,CA
Adriane Dugget,Middle East Technical University,CA
Salome Okenfold,British Columbia Open University,CA
Maisey Cantera,American University of Tirana,CA
Keen Minkin,The Global College Lahore,CA
Kendrick Tixall,Horizon College of Business and Technology,CA
Guthrie Baylis,Ateneo de Manila University,INT
Karlene Pinckstone,Emmanuel College Georgia,CA
Ray Klewer,Ontario College of Art and Design,CA
Aidan Faucherand,William Tyndale College,INT
Roda Chritchlow,Chulalongkorn University,CA
Robbyn Quinnet,University of Pittsburgh at Johnstown,INT
Carlita De Vries,Universidad del Pacfico,CA
Zacherie Semrad,Stetson University,INT
Alric Vinter,New Mexico State University,CA
Farica Strathearn,Antioch New England Graduate School,CA
Joleen Abson,British Columbia Open University,CA
Carlie Pawlik,William and Catherine Booth College,INT
Thadeus Pallatina,Sakarya University,INT
Nixie Licciardello,University Notre Dame d'Hatu,CA
Joella Avramov,Universidad Motolinía del Pedregal,CA
Carleen Roocroft,University of SV Cyril and Methodius in Trnava,CA
Rhoda Hukins,University of Madras,CA
Tobe De Miranda,Hue University of Agriculture and Forestry ,CA
Aurilia Kensitt,University of SV Cyril and Methodius in Trnava,CA
Patrice Russen,Institute of Social Studies,INT
Rollo Hagyard,University du Havre,CA
Hettie Vail,Hiroshima University of Economics,INT
Kennett Kingsworth,University Canada West,INT
Lyell Winley,Nanjing University of Science and Technology,CA
Keeley Slidders,William Tyndale College,INT
Shay Naerup,The Global College Lahore,INT
Darsey Rainer,Chulalongkorn University,CA
Allison Reed,Universidad de Occidente,CA
Karyn Stoeck,Horizon College of Business and Technology,CA
Olive Penhearow,University of SV Cyril and Methodius in Trnava,INT
Curran Raun,St. Lawrence University,CA
Quent Dimsdale,Ateneo de Manila University,INT
Sileas Larder,Southwestern Baptist Theological Seminary,CA
Sibeal Kording,North-West State Technical University,CA
Feliks Werndley,Hiroshima University of Economics,CA
Joy Russo,Philadelphia University,CA
Oliver Rannald,Blue Nile University,CA
Nonie Delhanty,Camosun College,CA
Rosetta Howson,University Canada West,CA
Isobel Mapstone,Chulalongkorn University,CA
Peterus Shoppee,Emmanuel College Georgia,CA
Muire Foxworthy,Bartlesville Wesleyan College,CA
Adriane Branney,Stetson University,CA
Willie Raynham,New Mexico State University,INT
Brigg Walduck,Antioch New England Graduate School,CA
Darrel Beaven,University of Madras,INT
Bartholomew Carbery,Camosun College,CA
Syman Prettjohn,Middle East Technical University,CA
Celestyna Zanetto,Antioch New England Graduate School,CA
Egon Slaght,Friedrich-Schiller Universität Jena,CA
Blakeley Silburn,University of Madras,CA
Even Cordrey,Emmanuel College Georgia,CA
Molli Kells,University of Pittsburgh at Johnstown,INT
Ora Verni,Universidad del Pacfico,INT
Mallissa Melland,William and Catherine Booth College,INT
Germain Axten,St. Lawrence University,CA
Hilly Fenelow,None,CA
Lawton Bustard,None,CA
Langsdon McGebenay,None,INT
Alberik Domoni,None,CA
Roxanna Wager,None,INT
Chickie McGrayle,None,INT
Arne McCooke,None,CA
Elissa Biskupek,None,CA
Tito Nesfield,None,INT
Antonetta Butterfill,None,CA
Hewitt Anning,None,CA
Delmar Emps,None,INT
Collie Toffanini,None,CA
Matelda Conichie,None,INT
Dyane Blowfield,None,CA
Magdaia Pideon,None,CA
Kial Vaughan-Hughes,None,CA
Claiborn Tabour,None,CA
Danni Kapelhof,None,INT
Amabel Lomasney,None,CA
Elana Wickling,None,CA
Nissy Maes,None,INT
Shoshanna Kerfod,None,CA
Aldo Hlavecek,None,CA
Borg Edwicke,None,INT
Rosabella Maxstead,None,CA
Jinny Silcock,None,INT
Eugen Konert,None,CA
Glori Dougan,None,CA
Nomi Tredget,None,INT
Agosto Limbrick,None,CA
Cull Lannin,None,INT
Maure Tuting,None,CA
Cindi Arkow,None,INT
Der Lidbetter,None,CA
Colver Claricoates,None,CA
Tremayne Laycock,None,CA
Corie Dicke,None,CA
Sayer Brougham,None,INT
Mariette Keysel,None,CA
Catherin Rattry,None,CA
Jemmy Rignoldes,None,CA
Micaela Farlow,None,INT
Barty Eddisforth,None,CA
Dalt Zealy,None,CA
Neely Crickmer,None,CA
Maurise Hayford,None,INT
Charlotte Marcu,None,CA
Park Need,None,CA
Adham Floyd,None,INT
Ruthy Zecchetti,None,CA
Lebbie Velasquez,None,INT
Franciskus Quilter,None,CA
Cecilia Dybald,None,CA
Kristal Petyankin,None,CA
Heloise Pauleau,None,INT
Reidar McMains,None,CA
Matilda Neill,None,INT
Benjamen Oman,None,INT
Gustavo Lohden,None,INT
Mozes Rackam,None,CA
Packston Keatley,None,CA
Leontyne Bratt,None,CA
Doris Garard,None,INT
Lauretta Elwel,None,CA
Ebenezer Provost,None,INT
Les Cotterel,None,INT
Drud Sipson,None,CA
Trula Rabat,None,CA
Donica Privost,None,CA
Nigel Slessor,None,CA
Vallie Gipson,None,INT
Conrade Crumpe,None,CA
Claudell Skillern,None,CA
Jyoti Cunniff,None,INT
Wally Micah,None,INT
Clem Boame,None,CA
Lockwood Booty,None,CA
Joey Sackey,None,INT
Scotti Heinlein,None,CA
Agnese Upton,None,INT
Liam Cathrae,None,CA
Staford Gookes,None,CA
Dan Baukham,None,INT
Cully Ashburne,None,CA
Kassey Shilburne,None,INT
Theodora Morison,None,CA
Evey Corcut,None,CA
Alejandrina Evershed,None,INT
Marlon Thackeray,None,CA
Honor Fisher,None,INT
Cly Dwelley,None,CA
Thaxter Maceur,None,CA
Carley Yelland,None,CA
Carol Josofovitz,None,CA
Arly Mallabar,None,INT
Guenna Larway,None,CA
Ronalda Mocquer,None,INT
Tommi Frood,None,INT
Mabelle Gillise,None,INT
Noach Arch,None,INT
Hazel Dyster,None,INT
Gussi Purle,None,CA
Augustine Harse,None,CA
Edy Keener,None,INT
Robbi Geertsen,None,CA
Kaye Wissbey,None,INT
Fleurette Fisbey,None,INT
Florette Murrum,None,CA
Barri Rafferty,None,INT
Livy Elnaugh,None,CA
Nickola Kose,None,INT
Benedikt Overington,None,CA
Kinnie Steels,None,CA
Gare Rosenfelder,None,INT
Edgar Brim,None,CA
Tasia Kingsman,None,CA
Luther Plank,None,CA
Audrie Esparza,None,CA
Tammara Parysiak,None,INT
Hallie Winspare,None,CA
Wendy Kemmet,None,CA
Essa Caslake,None,CA
Corabel Stredwick,None,CA
Sybil Allden,None,INT
Beryle Brownlie,None,CA
Ainslee Jandera,None,INT
Seumas Yoxall,None,CA
Elsworth Brachell,None,CA
Nellie Tincey,None,INT
Wilfrid Meeking,None,CA
Marcelo Trees,None,INT
Genevra Wasmer,None,INT
Reinald Muckloe,None,CA
Drucill de Wilde,None,INT
Anstice Hymans,None,INT
Kirby Wakeman,None,CA
Rafael Semple,None,CA
Ashlee O'Hear,None,CA
Merv Blakebrough,None,INT
Putnam Troop,None,INT
Arabele Penrith,None,INT
Dom Warricker,None,CA
Hugibert Crutchley,None,CA
Montgomery Wanjek,None,INT
Fee Loude,None,CA
Ashbey Boteman,None,CA
Mildrid Ondrasek,None,INT
Brittney Bewley,None,CA
Billie Self,None,CA
Ines Kinder,None,INT
Mina Sprosson,None,CA
Todd Tristram,None,INT
Karim Tilzey,None,CA
Harlene Glanders,None,CA
Boony Matzen,None,CA
Cara Pauler,None,INT
Abdul Littleton,None,CA
Francklin MacElharge,None,CA
Kristofor Glaserman,None,CA
Caye Middlemiss,None,INT
Dolli Bolley,None,INT
Enrichetta Traynor,None,INT
Alva Moizer,None,CA
Calhoun Tarply,None,INT
Allix Tremollet,None,CA
Brianna Palay,None,INT
Mauricio Garnul,None,CA
Sarina Catton,None,CA
Jaquenette Spurgeon,None,CA
Bridgette Thieme,None,INT
Roddie Hamelyn,None,CA
Marmaduke Lever,None,CA
Melodee Kuna,None,CA
Jammal Yurenin,None,CA
Barnett Hercules,None,INT
Regine Schober,None,CA
Ambur Parkhouse,None,CA
Clair Suff,None,INT
Barri Sang,None,INT
Ashlie Peppett,None,INT
Melodee Roux,None,INT
Michail Morfey,None,CA
Aviva MacCrosson,None,CA
Elsy Elcomb,None,INT
Tommi Thick,None,CA
Cathyleen Kember,None,INT
Ken Rawcliff,None,CA
Tracie Eayres,None,CA
Maxwell Shirley,None,CA
Ardeen Kimberly,None,INT
Jennifer Vina,None,INT
Alika Cowtherd,None,CA
Elisa Ahren,None,CA
Mariam Blackesland,None,CA
Gareth Coggeshall,None,CA
Giustina Bente,None,INT
Melamie Rhymer,None,INT
Mechelle Brockett,None,INT
Barnett Magowan,None,INT
Annmarie Iacovielli,None,INT
Weber Simpkins,None,CA
Goran Bustin,None,INT
Lianna Struss,None,CA
Ricki Shotter,None,CA
Kalvin Fundell,None,CA
Alessandra Bisatt,None,CA
Lamond Rainger,None,CA
Delilah Kamena,None,INT
Caresa Glander,None,INT
Paddie Gyorffy,None,CA
Teri Daish,None,CA
Kele Enns,None,CA
Even Garroway,None,CA
Hardy Lavall,None,INT
Engracia Noot,None,CA
Darcy Cowlard,None,INT
Gram Corstan,None,INT
Alan Simunek,None,CA
Sauveur Cowland,None,INT
Giustino Bursell,None,INT
Ofella Woolfenden,None,INT
Tally Gregoretti,None,CA
Cesya Melloi,None,CA
Rafaellle Farnworth,None,INT
Orelie Nellies,None,CA
Christopher Muzzall,None,INT
Aggi Becke,None,CA
Cal Tordoff,None,INT
Rasla Ironmonger,None,CA
Rogerio Honeywood,None,CA
Mariya Penhall,None,CA
Tanner O'Sesnane,None,INT
Kipp Smieton,None,CA
Beth Keegan,None,INT
Corry Norres,None,CA
Bren Pavlata,None,CA
Valle Dandy,None,CA
Bran Sayes,None,CA
Braden MacKeeg,None,CA
Olly Rangell,None,CA
Wallache Coombe,None,INT
Odell Gwin,None,INT
Bertram Whyteman,None,CA
Joly Carragher,None,INT
Irwin Chadwell,None,CA
Rani Ferrieres,None,INT
Galina Odney,None,CA
Pauline Merle,None,INT
Tim Passingham,None,CA
Montague Bibbie,None,CA
Aurie Surmeir,None,CA
Ilise Beaument,None,CA
Ester Trotton,None,CA
Wandie Pappi,None,INT
Berne Dyball,None,CA
Corissa McCreary,None,INT
Joy Torrese,None,INT
Minnnie Tretwell,None,CA
Ruby Shardlow,None,INT
Carlyle Shalcras,None,CA
Corbie McKie,None,INT
Connor Size,None,CA
Erwin Antoshin,None,INT
Lishe Hauxby,None,CA
Cassandre Nilles,None,INT
Hersh Hayen,None,INT
Joana Gowdridge,None,CA
Bearnard Stoven,None,CA
Britt Cranmore,None,CA
Denna Stutard,None,CA
Mano Wattinham,None,INT
Beitris Sudell,None,CA
Abbe Gartshore,None,INT
Parry Bethune,None,CA
Germana Eldin,None,INT
Tom Hodinton,None,CA
Faythe Kringe,None,INT
Ned Mandre,None,CA
Clifford Schultes,None,CA
Arron Czajkowska,None,INT
Rance Exter,None,CA
Stefania Wilsdon,None,INT
Teddi Grinaway,None,INT
Lena Stanett,None,INT
Kay Boncore,None,CA
Gilbertina Rotham,None,INT
Garrik Yurchenko,None,INT
Mauricio MacParland,None,INT
Goran Yesenin,None,INT
Nev Chaperling,None,INT
Rafe Kaley,None,CA
Bradley Felix,None,CA
Oliy Vasiljevic,None,INT
Phillie Rangell,None,CA
Gwyneth Aickin,None,INT
Gerry McKeag,None,INT
Boothe Fraschini,None,CA
Trent Tesche,None,INT
Michail Poynton,None,CA
Cassandre Arghent,None,INT
Cora Leverich,None,CA
Luce Pavlenkov,None,CA
Whitney Straniero,None,CA
Benyamin Kimbrough,None,CA
Dorthy Finby,None,INT
Steffen Leahy,None,INT
Maxwell Santarelli,None,CA
Retha Dresche,None,CA
Saudra Brettle,None,CA
Devland Tidridge,None,CA
Hagan Bestiman,None,INT
Tiebout Wilsone,None,INT
Corissa Carden,None,CA
Corbie Linskey,None,CA
Renie Pendleton,None,INT
Denis Cranstoun,None,CA
Rita Pycock,None,INT
Tracy Burnhams,None,CA
Emmit MacSkeaghan,None,CA
Millicent Jarrett,None,INT
Reyna Tunnacliffe,None,CA
Morley Eustanch,None,CA
Robbie Agirre,None,INT
Matti Warham,None,CA
Camey Harback,None,INT
Betsey Boulder,None,CA
Brandy Ruppert,None,INT
Cale Georgiades,None,CA
Bernie Brockton,None,CA
Alicea Matuska,None,INT
Roslyn Twiggs,None,CA
Pansie Balog,None,CA
Leeland Waind,None,CA
Catina Remer,None,CA
Rafaela Aumerle,None,INT
Ronnie Trounson,None,CA
Algernon Di Ruggero,None,CA
Christoffer Dunhill,None,INT
Ansell Gaddesby,None,CA
Elsy Klemensiewicz,None,CA
Morten Stirman,None,INT
Hedvige Barkes,None,CA
Purcell Kisby,None,INT
Der Moen,None,CA
Ines Rosander,None,CA
Evelyn Tackley,None,INT
Kenneth Meaker,None,CA
Nealy Shurville,None,INT
Isadore Cawker,None,CA
Ericka Woltman,None,CA
Miles Stelfax,None,CA
Saw Ellerbeck,None,CA
Valentin Frake,None,INT
Annecorinne Heliet,None,CA
Letisha Brightie,None,INT
Emma Achrameev,None,INT
Torrey Reven,None,CA
Jacinda Mcmanaman,None,INT
Odessa Goulborne,None,CA
Andee Tretwell,None,CA
Gallard Phythian,None,CA
Cordy McKinnell,None,INT
Giorgia Franceschielli,None,CA
Darell Mabbett,None,INT
Molli Sweet,None,INT
Penny Circuit,None,CA
Aloin Cullum,None,CA
Heidie Pipes,None,INT
Jaye Kleehuhler,None,CA
Ingram Merrisson,None,CA
Stanleigh Vasyukhichev,None,CA
Laurella Sunnex,None,CA
Aurelia Bowskill,None,CA
Gretchen Gamblin,None,CA
Culver Saunderson,None,INT
Marley MacDonald,None,INT
Adolphe Stede,None,CA
Correna Potkins,None,CA
Gabbi Barlass,None,INT
Ddene Walkowski,None,INT
Maryrose Wager,None,INT
Correy Ducker,None,INT
Merle Ewols,None,INT
Von McGrudder,None,CA
Garvin Faers,None,CA
Carmelita Odde,None,INT
Irv Blease,None,CA
Denyse Greer,None,INT
Ronny Tupper,None,INT
Brandie Heggadon,None,CA
Roxane Sobey,None,INT
Joanna Harry,None,CA
Chelsae Lukins,None,INT
Currey Ashwell,None,CA
Pancho Samworth,None,CA
Orel Goudge,None,CA
Nadiya Ofield,None,INT
Anthea Pluthero,None,CA
Ranice Colum,None,CA
Shelba Gouck,None,CA
Anett Boyington,None,INT
Roselin Worsnip,None,CA
Lina Unwin,None,INT
Jayne Whopples,None,CA
Ermanno Krojn,None,CA
Timmie Balffye,None,INT
Garrett Dulake,None,INT
Sharlene Frew,None,CA
Vladimir Pavis,None,INT
Tracie Howe,None,INT
Orlando Dallaghan,None,CA
Zelma Radki,None,CA
Orran Synnott,None,INT
Arleta Follin,None,CA
Jeanine Jillions,None,INT
Shandeigh Waith,None,CA
Arel Shackel,None,INT
Ileana Verner,None,CA
Kermie Prettyjohn,None,CA
Lock Lagadu,None,CA
Cross Reisin,None,INT
Fernando Beddoe,None,CA
Ariel Seton,None,INT
Natal Mundford,None,INT
Elenore Cultcheth,None,CA
Marieann Inker,None,CA
Selestina Banks,None,CA
Sarita Darnody,None,CA
Corena Ribou,None,CA
Tomi Mitchenson,None,INT
Caz Dennis,None,INT
Xylia Sjostrom,None,CA
Guy Voisey,None,CA
Keelia Thebe,None,INT
Elspeth Fidler,None,CA
Verena Toy,None,INT
Raeann Scogings,None,CA
Shannen Huriche,None,INT
Adella Celier,None,CA
Ruthe Greatreax,None,CA
Brok Walsh,None,CA
Teriann Westrey,None,INT
James Pavett,None,CA
Angy Kenningham,None,INT
Case Czyz,None,INT
Gib Olliver,None,CA
Oriana Mottinelli,None,INT
Jo ann Merrydew,None,CA
Delinda Drew-Clifton,None,INT
Ambros Gyngyll,None,CA
Enid Pellman,None,CA
Sylas Haney,None,INT
Simone Lissimore,None,CA
Padraig Attenbrough,None,CA
Toddie Lesor,None,CA
Valenka Percival,None,CA
Ivar Gelletly,None,INT
Lyndsay Fleischmann,None,CA
Gordan Tayspell,None,CA
Andy Absolon,None,CA
Glenda Acomb,None,INT
Agnola Worland,None,CA
Horatius Gillio,None,CA
Jamil Arntzen,None,CA
Hasheem Lancashire,None,INT
Othilie Seamons,None,CA
Yance Dunridge,None,INT
Emmaline Kynett,None,CA
Alethea Stancer,None,CA
Noella De Freitas,None,INT
Sallyanne Edgeley,None,CA
Egon Korting,None,INT
Dexter Binch,None,CA
Fanni Wimpenny,None,INT
Guillema McPhelim,None,CA
Petronella Antonacci,None,CA
Amby Fairbank,None,CA
Ralph Sumers,None,INT
Madelle Copo,None,CA
Brucie Bellard,None,INT
Porter Jorio,None,INT
Dagmar Overthrow,None,INT
Johny Message,None,INT
Thekla Perico,None,CA
Milzie Currey,None,CA
Merrilee Raynor,None,INT
Judah McClements,None,CA
Cary Seviour,None,INT
Tabby Posvner,None,INT
Urbano Gives,None,CA
Mahmud Dougherty,None,INT
Doralynn Duckfield,None,CA
Camellia Labrone,None,CA
Tedi Abrahamian,None,CA
Valdemar Eggerton,None,CA
Mitchell Joss,None,INT
Tara Sheryn,None,CA
Ingelbert Nordass,None,INT
Forester Filchakov,None,INT
Tailor Sloper,None,CA
Carol Whilde,None,CA
Krisha Lexa,None,CA
Jo ann Shepard,None,INT
Jonis Jentet,None,CA
Barth Byrd,None,INT
Anthe Ranns,None,INT
Orelee Meynell,None,CA
Joell MacGahy,None,CA
Ring Demanche,None,INT
Berkley Lerohan,None,CA
Wakefield Bollon,None,INT
Opalina Mackinder,None,CA
Sheryl Wayte,None,CA
Reggis Ginnelly,None,INT
Pierre Cronk,None,CA
Euphemia Peter,None,INT
Michel Hendrickx,None,CA
Carlie Worsnap,None,INT
Alejandro Venning,None,CA
Fanchette Philimore,None,CA
Astra Proschke,None,CA
Perl Rowbottom,None,INT
Delora Arndt,None,CA
Josy Swift,None,INT
Erinna MacAnespie,None,INT
Aleksandr Jolly,None,CA
Trenna Burgett,None,CA
Tarah Stracey,None,INT
Kamillah Beebe,None,CA
Norry Stiegars,None,INT
Jon Feavyour,None,INT
Hardy Riglar,None,CA
Taryn Doige,None,CA
Gena Gammack,None,INT
Marylynne Ballard,None,CA
Jeannie Robinson,None,INT
Noelani Dyke,None,CA
Lion Dumblton,None,CA
Marge Kettoe,None,INT
Woodie Jocic,None,CA
Natalie Dunican,None,CA
Blair Timcke,None,CA
Quillan Shiers,None,CA
Percy Lonergan,None,INT
Julita Presman,None,CA
Maynard Manicomb,None,INT
Greg Howarth,None,CA
Warde Boyton,None,INT
Wiatt Grabbam,None,CA
Stanislaw Devers,None,CA
Kelcy Blackeby,None,CA
Irena Glandfield,None,CA
Trista Sunners,None,INT
Trip Dumberell,None,CA
Melania Spraging,None,CA
Frederich Dubber,None,CA
Emlyn Starrs,None,INT
Tucky Fechnie,None,CA
Keefe Downer,None,CA
Arlin Georg,None,INT
Sterne Kunert,None,CA
Yard Kell,None,INT
Martynne Liffe,None,CA
Perry Helwig,None,CA
Merridie Lashley,None,INT
Davidde McGaugey,None,CA
Shirl Enochsson,None,INT
Kevyn Gregol,None,CA
Shelbi Overal,None,INT
Sheppard Osmar,None,CA
Horacio O' Brian,None,INT
Kizzie Cuniam,None,CA
Baldwin Greenroyd,None,INT
Cletis Halwell,None,CA
Letisha Bale,None,CA
Earvin Moneti,None,INT
Ninetta McClune,None,INT
Lorry Ben,None,INT
Muire Goodwyn,None,INT
Griffin Jeffries,None,INT
Aylmar Drowsfield,None,INT
Lucien Pirnie,None,INT
Sammy Thebes,None,CA
Alena Emsden,None,INT
Stearne Boner,None,CA
Abraham Cockings,None,CA
Aili Adamides,None,CA
Leland Connock,None,INT
Fransisco Quarrie,None,CA
Ryun Hanne,None,INT
Pippy Gillicuddy,None,INT
Owen Gobourn,None,CA
Jemmy Skitterel,None,INT
Carlina Kinlock,None,CA
Alejoa Ogilvy,None,CA
Ashby Brodeur,None,INT
Miguel Sheering,None,INT
Algernon Broom,None,CA
Dorthea Walch,None,INT
Tracee Brocking,None,INT
Isobel Simonazzi,None,CA
Randee Boyle,None,CA
Kathye Henzley,None,INT
Melisandra Scoates,None,CA
Ezechiel Boyton,None,INT
Kim Jentle,None,CA
Ines Arger,None,INT
Leonanie Klich,None,CA
Roxana Denty,None,INT
Rosalinda Summerlie,None,INT
Bianka Brazear,None,CA
Wakefield MacRitchie,None,CA
Colan Benet,None,CA
Nick Swinfon,None,INT
Bary Battram,None,CA
Rosemary Grono,None,INT
Priscella Airton,None,CA
Wilmer Aird,None,CA
Bernette Cuphus,None,CA
Rosaleen Clancy,None,CA
Frieda Massy,None,INT
Cristobal Elacoate,None,INT
Husain Hinners,None,CA
Briny Sterman,None,CA
Richy Brotherheed,None,INT
Loleta Basire,None,INT
Hewet Mottinelli,None,CA
Sofia Shellsheere,None,CA
Rubi Richardon,None,CA
Sherie Gleeson,None,CA
Bobbye Oldaker,None,INT
Nelson Bartrop,None,CA
Ab Claire,None,INT
Caryl Gotecliffe,None,CA
Tamar Joire,None,INT
Valeda Teck,None,CA
Gilli Chellam,None,CA
Cami Corten,None,CA
Lacee Logsdail,None,INT
Barn Polgreen,None,CA
Bradford Blaney,None,INT
Luci Antonacci,None,INT
Maxine Corp,None,CA
Shana Zecchi,None,CA
Amelia Angrove,None,INT
Raddy Tointon,None,CA
Taylor Yurivtsev,None,CA
Ricca Cordrey,None,INT
Stefano Regglar,None,INT
Kimball Savil,None,CA
Carolyne Wellum,None,CA
Cornela Rraundl,None,INT
Jilly Kenway,None,CA
Osmond Eingerfield,None,INT
Hyatt Swinyard,None,INT
Dalis Juzek,None,CA
Gardner Vose,None,INT
Edward Gimbrett,None,CA
Gaylene McKeller,None,CA
Arie Magauran,None,INT
Shelly Yemm,None,CA
Arda Reightley,None,INT
Rhys Sporton,None,INT
Leda Klimentyev,None,CA
Imelda Lukasen,None,CA
Darn Montier,None,INT
Trudy Neggrini,None,INT
Nealon Langham,None,INT
Elias Stovin,None,CA
Shannon Yerrall,None,INT
Crystie Giacomo,None,CA
Gearalt Acomb,None,INT
Lutero Attock,None,CA
Martha Satteford,None,INT
Elena Rothman,None,CA
Birk Camamile,None,INT
Jordan Boldock,None,CA
Jamill Gartin,None,CA
Terence Scotchmore,None,CA
Lutero Saltwell,None,INT
Wynn Fillimore,None,CA
Benito Canario,None,INT
Willamina Jenicek,None,CA
Joela Normansell,None,CA
Benson Selwood,None,CA
Sadella Giabucci,None,INT
Niels Travers,None,CA
Charla Macquire,None,CA
Clarie Ludlam,None,INT
Grove Causton,None,INT
Della Caird,None,CA
Frasquito Kenney,None,INT
Radcliffe Mustin,None,CA
Garik Unsworth,None,INT
Chet Enderby,None,CA
Tracy Birtwistle,None,CA
Jesus Maffia,None,INT
Hulda Peffer,None,CA
Hildagard D'orsay,None,INT
Micky Morshead,None,CA
Andrej Rushby,None,INT
Bondy Bushell,None,CA
Rozina Wimmer,None,CA
Laney Featherstonehaugh,None,INT
Tyrone Fleeman,None,CA
Batsheva Dymocke,None,INT
Effie Kenshole,None,INT
Anetta Ollivier,None,CA
Maje Jablonski,None,INT
Madelyn Alliston,None,CA
Ursulina Tommei,None,CA
Neils Tiler,None,INT
Hartwell Gilfether,None,INT
Bryan Skittrell,None,INT
Tobe Spirritt,None,INT
Lisa De Beauchemp,None,CA
Bride Tunbridge,None,INT
Osmund Hardaker,None,INT
Marius O'Carrol,None,CA
Estell Marages,None,CA
Denny Paty,None,CA
Hazel Ivins,None,CA
Victoir Tuck,None,INT
Codi Jansens,None,CA
Lancelot Hunting,None,INT
Monah Burnham,None,INT
Madelena Dubble,None,CA
Portia Thebeaud,None,INT
Heda Bampkin,None,CA
Nickolai Feehan,None,CA
Michele Houtby,None,INT
Bridget Vedstra,None,CA
Tobit Tipton,None,INT
Marcile Buckell,None,CA
Zoe Pavolillo,None,CA
Joshia Desorts,None,INT
Sanford Inseal,None,INT
Natale Robilart,None,INT
Chelsae Greiswood,None,CA
Marven Parsell,None,INT
Karee Cuttler,None,CA
Elonore Hendriksen,None,INT
Gaspard Barnhill,None,CA
Nap Bratley,None,CA
Nina Grieswood,None,INT
Bruis Culham,None,CA
Oriana Maitland,None,INT
Lyndsie Collcutt,None,CA
Leonanie Tetla,None,CA
Gare Steggals,None,INT
Birdie Margerrison,None,CA
Merrie Godwyn,None,INT
Chen Shirland,None,CA
Joanne McPaike,None,INT
Correna Kiernan,None,CA
Lucio Fasey,None,CA
Danita Follit,None,CA
Katherine MacCurlye,None,INT
Bat Binnell,None,CA
Berky Chishull,None,INT
Leela Jikylls,None,CA
Harmony Mulliss,None,CA
Nevile Hurkett,None,CA
Kellie Dedmam,None,INT
Pren Delacoste,None,CA
Fayre Frean,None,CA
Lulu Hopkynson,None,
Symon Flescher,None,CA
Jessalyn Madison,None,INT
Doroteya Duncanson,None,CA
Chalmers D'Angeli,None,INT
Godfry Cursey,None,CA
Federica Tigwell,None,CA
Ugo Blackston,None,CA
Janelle Gervaise,None,INT
Wakefield Boyett,None,INT
Eddy Kneale,None,CA
